<?xml version="1.0" encoding="utf-8" standalone="yes" ?>
<rss version="2.0" xmlns:atom="http://www.w3.org/2005/Atom">
  <channel>
    <title>Posts | John D. Patterson</title>
    <link>/post/</link>
      <atom:link href="/post/index.xml" rel="self" type="application/rss+xml" />
    <description>Posts</description>
    <generator>Source Themes Academic (https://sourcethemes.com/academic/)</generator><language>en-us</language><copyright>©2019</copyright><lastBuildDate>Fri, 12 Jul 2019 00:00:00 +0000</lastBuildDate>
    <image>
      <url>/img/face.jpg</url>
      <title>Posts</title>
      <link>/post/</link>
    </image>
    
    <item>
      <title>Writing technical content in Academic</title>
      <link>/post/writing-technical-content/</link>
      <pubDate>Fri, 12 Jul 2019 00:00:00 +0000</pubDate>
      <guid>/post/writing-technical-content/</guid>
      <description>&lt;p&gt;Academic is designed to give technical content creators a seamless experience. You can focus on the content and Academic handles the rest.&lt;/p&gt;

&lt;p&gt;&lt;strong&gt;Highlight your code snippets, take notes on math classes, and draw diagrams from textual representation.&lt;/strong&gt;&lt;/p&gt;

&lt;p&gt;On this page, you&#39;ll find some examples of the types of technical content that can be rendered with Academic.&lt;/p&gt;

&lt;h2 id=&#34;examples&#34;&gt;Examples&lt;/h2&gt;

&lt;h3 id=&#34;code&#34;&gt;Code&lt;/h3&gt;

&lt;p&gt;Academic supports a Markdown extension for highlighting code syntax. You can enable this feature by toggling the &lt;code&gt;highlight&lt;/code&gt; option in your &lt;code&gt;config/_default/params.toml&lt;/code&gt; file.&lt;/p&gt;

&lt;pre&gt;&lt;code&gt;```python
import pandas as pd
data = pd.read_csv(&amp;quot;data.csv&amp;quot;)
data.head()
```
&lt;/code&gt;&lt;/pre&gt;

&lt;p&gt;renders as&lt;/p&gt;

&lt;pre&gt;&lt;code class=&#34;language-python&#34;&gt;import pandas as pd
data = pd.read_csv(&amp;quot;data.csv&amp;quot;)
data.head()
&lt;/code&gt;&lt;/pre&gt;

&lt;h3 id=&#34;math&#34;&gt;Math&lt;/h3&gt;

&lt;p&gt;Academic supports a Markdown extension for $\LaTeX$ math. You can enable this feature by toggling the &lt;code&gt;math&lt;/code&gt; option in your &lt;code&gt;config/_default/params.toml&lt;/code&gt; file and adding &lt;code&gt;markup: mmark&lt;/code&gt; to your page front matter.&lt;/p&gt;

&lt;p&gt;To render &lt;em&gt;inline&lt;/em&gt; or &lt;em&gt;block&lt;/em&gt; math, wrap your LaTeX math with &lt;code&gt;$$...$$&lt;/code&gt;.&lt;/p&gt;

&lt;p&gt;Example &lt;strong&gt;math block&lt;/strong&gt;:&lt;/p&gt;

&lt;pre&gt;&lt;code class=&#34;language-tex&#34;&gt;$$\gamma_{n} = \frac{ 
\left | \left (\mathbf x_{n} - \mathbf x_{n-1} \right )^T 
\left [\nabla F (\mathbf x_{n}) - \nabla F (\mathbf x_{n-1}) \right ] \right |}
{\left \|\nabla F(\mathbf{x}_{n}) - \nabla F(\mathbf{x}_{n-1}) \right \|^2}$$
&lt;/code&gt;&lt;/pre&gt;

&lt;p&gt;renders as&lt;/p&gt;

&lt;p&gt;&lt;span  class=&#34;math&#34;&gt;\[\gamma_{n} = \frac{ \left | \left (\mathbf x_{n} - \mathbf x_{n-1} \right )^T \left [\nabla F (\mathbf x_{n}) - \nabla F (\mathbf x_{n-1}) \right ] \right |}{\left \|\nabla F(\mathbf{x}_{n}) - \nabla F(\mathbf{x}_{n-1}) \right \|^2}\]&lt;/span&gt;&lt;/p&gt;

&lt;p&gt;Example &lt;strong&gt;inline math&lt;/strong&gt; &lt;code&gt;$$\left \|\nabla F(\mathbf{x}_{n}) - \nabla F(\mathbf{x}_{n-1}) \right \|^2$$&lt;/code&gt; renders as &lt;span  class=&#34;math&#34;&gt;\(\left \|\nabla F(\mathbf{x}_{n}) - \nabla F(\mathbf{x}_{n-1}) \right \|^2\)&lt;/span&gt; .&lt;/p&gt;

&lt;p&gt;Example &lt;strong&gt;multi-line math&lt;/strong&gt; using the &lt;code&gt;\\&lt;/code&gt; math linebreak:&lt;/p&gt;

&lt;pre&gt;&lt;code class=&#34;language-tex&#34;&gt;$$f(k;p_0^*) = \begin{cases} p_0^* &amp;amp; \text{if }k=1, \\
1-p_0^* &amp;amp; \text {if }k=0.\end{cases}$$
&lt;/code&gt;&lt;/pre&gt;

&lt;p&gt;renders as&lt;/p&gt;

&lt;p&gt;&lt;span  class=&#34;math&#34;&gt;\[f(k;p_0^*) = \begin{cases} p_0^* &amp; \text{if }k=1, \\
1-p_0^* &amp; \text {if }k=0.\end{cases}\]&lt;/span&gt;&lt;/p&gt;

&lt;h3 id=&#34;diagrams&#34;&gt;Diagrams&lt;/h3&gt;

&lt;p&gt;Academic supports a Markdown extension for diagrams. You can enable this feature by toggling the &lt;code&gt;diagram&lt;/code&gt; option in your &lt;code&gt;config/_default/params.toml&lt;/code&gt; file or by adding &lt;code&gt;diagram: true&lt;/code&gt; to your page front matter.&lt;/p&gt;

&lt;p&gt;An example &lt;strong&gt;flowchart&lt;/strong&gt;:&lt;/p&gt;

&lt;pre&gt;&lt;code&gt;```mermaid
graph TD;
  A--&amp;gt;B;
  A--&amp;gt;C;
  B--&amp;gt;D;
  C--&amp;gt;D;
```
&lt;/code&gt;&lt;/pre&gt;

&lt;p&gt;renders as&lt;/p&gt;

&lt;pre&gt;&lt;code class=&#34;language-mermaid&#34;&gt;graph TD;
  A--&amp;gt;B;
  A--&amp;gt;C;
  B--&amp;gt;D;
  C--&amp;gt;D;
&lt;/code&gt;&lt;/pre&gt;

&lt;p&gt;An example &lt;strong&gt;sequence diagram&lt;/strong&gt;:&lt;/p&gt;

&lt;pre&gt;&lt;code&gt;```mermaid
sequenceDiagram
  participant Alice
  participant Bob
  Alice-&amp;gt;John: Hello John, how are you?
  loop Healthcheck
      John-&amp;gt;John: Fight against hypochondria
  end
  Note right of John: Rational thoughts &amp;lt;br/&amp;gt;prevail...
  John--&amp;gt;Alice: Great!
  John-&amp;gt;Bob: How about you?
  Bob--&amp;gt;John: Jolly good!
```
&lt;/code&gt;&lt;/pre&gt;

&lt;p&gt;renders as&lt;/p&gt;

&lt;pre&gt;&lt;code class=&#34;language-mermaid&#34;&gt;sequenceDiagram
  participant Alice
  participant Bob
  Alice-&amp;gt;John: Hello John, how are you?
  loop Healthcheck
      John-&amp;gt;John: Fight against hypochondria
  end
  Note right of John: Rational thoughts &amp;lt;br/&amp;gt;prevail...
  John--&amp;gt;Alice: Great!
  John-&amp;gt;Bob: How about you?
  Bob--&amp;gt;John: Jolly good!
&lt;/code&gt;&lt;/pre&gt;

&lt;p&gt;An example &lt;strong&gt;Gantt diagram&lt;/strong&gt;:&lt;/p&gt;

&lt;pre&gt;&lt;code&gt;```mermaid
gantt
  dateFormat  YYYY-MM-DD
  section Section
  A task           :a1, 2014-01-01, 30d
  Another task     :after a1  , 20d
  section Another
  Task in sec      :2014-01-12  , 12d
  another task      : 24d
```
&lt;/code&gt;&lt;/pre&gt;

&lt;p&gt;renders as&lt;/p&gt;

&lt;pre&gt;&lt;code class=&#34;language-mermaid&#34;&gt;gantt
  dateFormat  YYYY-MM-DD
  section Section
  A task           :a1, 2014-01-01, 30d
  Another task     :after a1  , 20d
  section Another
  Task in sec      :2014-01-12  , 12d
  another task      : 24d
&lt;/code&gt;&lt;/pre&gt;

&lt;h3 id=&#34;todo-lists&#34;&gt;Todo lists&lt;/h3&gt;

&lt;p&gt;You can even write your todo lists in Academic too:&lt;/p&gt;

&lt;pre&gt;&lt;code class=&#34;language-markdown&#34;&gt;- [x] Write math example
- [x] Write diagram example
- [ ] Do something else
&lt;/code&gt;&lt;/pre&gt;

&lt;p&gt;renders as&lt;/p&gt;

&lt;ul&gt;
&lt;li&gt;&lt;input type=&#34;checkbox&#34; checked=&#34;&#34; disabled=&#34;&#34;&gt; Write math example&lt;/li&gt;
&lt;li&gt;&lt;input type=&#34;checkbox&#34; checked=&#34;&#34; disabled=&#34;&#34;&gt; Write diagram example&lt;/li&gt;
&lt;li&gt;&lt;input type=&#34;checkbox&#34; disabled=&#34;&#34;&gt; Do something else&lt;/li&gt;
&lt;/ul&gt;

&lt;h3 id=&#34;tables&#34;&gt;Tables&lt;/h3&gt;

&lt;p&gt;Represent your data in tables:&lt;/p&gt;

&lt;pre&gt;&lt;code class=&#34;language-markdown&#34;&gt;| First Header  | Second Header |
| ------------- | ------------- |
| Content Cell  | Content Cell  |
| Content Cell  | Content Cell  |
&lt;/code&gt;&lt;/pre&gt;

&lt;p&gt;renders as&lt;/p&gt;

&lt;table&gt;
&lt;thead&gt;
&lt;tr&gt;
&lt;th&gt;First Header&lt;/th&gt;
&lt;th&gt;Second Header&lt;/th&gt;
&lt;/tr&gt;
&lt;/thead&gt;

&lt;tbody&gt;
&lt;tr&gt;
&lt;td&gt;Content Cell&lt;/td&gt;
&lt;td&gt;Content Cell&lt;/td&gt;
&lt;/tr&gt;

&lt;tr&gt;
&lt;td&gt;Content Cell&lt;/td&gt;
&lt;td&gt;Content Cell&lt;/td&gt;
&lt;/tr&gt;
&lt;/tbody&gt;
&lt;/table&gt;

&lt;h3 id=&#34;asides&#34;&gt;Asides&lt;/h3&gt;

&lt;p&gt;Academic supports a Markdown extension for asides, also referred to as &lt;em&gt;notices&lt;/em&gt; or &lt;em&gt;hints&lt;/em&gt;. By prefixing a paragraph with &lt;code&gt;A&amp;gt;&lt;/code&gt;, it will render as an aside. You can enable this feature by adding &lt;code&gt;markup: mmark&lt;/code&gt; to your page front matter, or alternatively using the &lt;a href=&#34;https://sourcethemes.com/academic/docs/writing-markdown-latex/#alerts&#34;&gt;&lt;em&gt;Alert&lt;/em&gt; shortcode&lt;/a&gt;.&lt;/p&gt;

&lt;pre&gt;&lt;code class=&#34;language-markdown&#34;&gt;A&amp;gt; A Markdown aside is useful for displaying notices, hints, or definitions to your readers.
&lt;/code&gt;&lt;/pre&gt;

&lt;p&gt;renders as&lt;/p&gt;

&lt;aside&gt;
&lt;p&gt;A Markdown aside is useful for displaying notices, hints, or definitions to your readers.&lt;/p&gt;
&lt;/aside&gt;

&lt;h3 id=&#34;did-you-find-this-page-helpful-consider-sharing-it-&#34;&gt;Did you find this page helpful? Consider sharing it 🙌&lt;/h3&gt;
</description>
    </item>
    
    <item>
      <title>Display Jupyter Notebooks with Academic</title>
      <link>/post/jupyter/</link>
      <pubDate>Tue, 05 Feb 2019 00:00:00 +0000</pubDate>
      <guid>/post/jupyter/</guid>
      <description>

&lt;pre&gt;&lt;code class=&#34;language-python&#34;&gt;from IPython.core.display import Image
Image(&#39;https://www.python.org/static/community_logos/python-logo-master-v3-TM-flattened.png&#39;)
&lt;/code&gt;&lt;/pre&gt;

&lt;p&gt;&lt;img src=&#34;./index_1_0.png&#34; alt=&#34;png&#34; /&gt;&lt;/p&gt;

&lt;pre&gt;&lt;code class=&#34;language-python&#34;&gt;print(&amp;quot;Welcome to Academic!&amp;quot;)
&lt;/code&gt;&lt;/pre&gt;

&lt;pre&gt;&lt;code&gt;Welcome to Academic!
&lt;/code&gt;&lt;/pre&gt;

&lt;h2 id=&#34;install-python-and-jupyterlab&#34;&gt;Install Python and JupyterLab&lt;/h2&gt;

&lt;p&gt;&lt;a href=&#34;https://www.anaconda.com/distribution/#download-section&#34; target=&#34;_blank&#34;&gt;Install Anaconda&lt;/a&gt; which includes Python 3 and JupyterLab.&lt;/p&gt;

&lt;p&gt;Alternatively, install JupyterLab with &lt;code&gt;pip3 install jupyterlab&lt;/code&gt;.&lt;/p&gt;

&lt;h2 id=&#34;create-or-upload-a-jupyter-notebook&#34;&gt;Create or upload a Jupyter notebook&lt;/h2&gt;

&lt;p&gt;Run the following commands in your Terminal, substituting &lt;code&gt;&amp;lt;MY-WEBSITE-FOLDER&amp;gt;&lt;/code&gt; and &lt;code&gt;&amp;lt;SHORT-POST-TITLE&amp;gt;&lt;/code&gt; with the file path to your Academic website folder and a short title for your blog post (use hyphens instead of spaces), respectively:&lt;/p&gt;

&lt;pre&gt;&lt;code class=&#34;language-bash&#34;&gt;mkdir -p &amp;lt;MY-WEBSITE-FOLDER&amp;gt;/content/post/&amp;lt;SHORT-POST-TITLE&amp;gt;/
cd &amp;lt;MY-WEBSITE-FOLDER&amp;gt;/content/post/&amp;lt;SHORT-POST-TITLE&amp;gt;/
jupyter lab index.ipynb
&lt;/code&gt;&lt;/pre&gt;

&lt;p&gt;The &lt;code&gt;jupyter&lt;/code&gt; command above will launch the JupyterLab editor, allowing us to add Academic metadata and write the content.&lt;/p&gt;

&lt;h2 id=&#34;edit-your-post-metadata&#34;&gt;Edit your post metadata&lt;/h2&gt;

&lt;p&gt;The first cell of your Jupter notebook will contain your post metadata (&lt;a href=&#34;https://sourcethemes.com/academic/docs/front-matter/&#34; target=&#34;_blank&#34;&gt;front matter&lt;/a&gt;).&lt;/p&gt;

&lt;p&gt;In Jupter, choose &lt;em&gt;Markdown&lt;/em&gt; as the type of the first cell and wrap your Academic metadata in three dashes, indicating that it is YAML front matter:&lt;/p&gt;

&lt;pre&gt;&lt;code&gt;---
title: My post&#39;s title
date: 2019-09-01

# Put any other Academic metadata here...
---
&lt;/code&gt;&lt;/pre&gt;

&lt;p&gt;Edit the metadata of your post, using the &lt;a href=&#34;https://sourcethemes.com/academic/docs/managing-content&#34; target=&#34;_blank&#34;&gt;documentation&lt;/a&gt; as a guide to the available options.&lt;/p&gt;

&lt;p&gt;To set a &lt;a href=&#34;https://sourcethemes.com/academic/docs/managing-content/#featured-image&#34; target=&#34;_blank&#34;&gt;featured image&lt;/a&gt;, place an image named &lt;code&gt;featured&lt;/code&gt; into your post&amp;rsquo;s folder.&lt;/p&gt;

&lt;p&gt;For other tips, such as using math, see the guide on &lt;a href=&#34;https://sourcethemes.com/academic/docs/writing-markdown-latex/&#34; target=&#34;_blank&#34;&gt;writing content with Academic&lt;/a&gt;.&lt;/p&gt;

&lt;h2 id=&#34;convert-notebook-to-markdown&#34;&gt;Convert notebook to Markdown&lt;/h2&gt;

&lt;pre&gt;&lt;code class=&#34;language-bash&#34;&gt;jupyter nbconvert index.ipynb --to markdown --NbConvertApp.output_files_dir=.
&lt;/code&gt;&lt;/pre&gt;

&lt;h2 id=&#34;example&#34;&gt;Example&lt;/h2&gt;

&lt;p&gt;This post was created with Jupyter. The orginal files can be found at &lt;a href=&#34;https://github.com/gcushen/hugo-academic/tree/master/exampleSite/content/post/jupyter&#34; target=&#34;_blank&#34;&gt;https://github.com/gcushen/hugo-academic/tree/master/exampleSite/content/post/jupyter&lt;/a&gt;&lt;/p&gt;
</description>
    </item>
    
    <item>
      <title>Academic: the website builder for Hugo</title>
      <link>/post/getting-started/</link>
      <pubDate>Wed, 20 Apr 2016 00:00:00 +0000</pubDate>
      <guid>/post/getting-started/</guid>
      <description>

&lt;p&gt;&lt;strong&gt;Create a free website with Academic using Markdown, Jupyter, or RStudio. Choose a beautiful color theme and build anything with the Page Builder - over 40 &lt;em&gt;widgets&lt;/em&gt;, &lt;em&gt;themes&lt;/em&gt;, and &lt;em&gt;language packs&lt;/em&gt; included!&lt;/strong&gt;&lt;/p&gt;

&lt;p&gt;&lt;a href=&#34;https://academic-demo.netlify.com/&#34; target=&#34;_blank&#34;&gt;Check out the latest &lt;strong&gt;demo&lt;/strong&gt;&lt;/a&gt; of what you&amp;rsquo;ll get in less than 10 minutes, or &lt;a href=&#34;https://sourcethemes.com/academic/#expo&#34; target=&#34;_blank&#34;&gt;view the &lt;strong&gt;showcase&lt;/strong&gt;&lt;/a&gt; of personal, project, and business sites.&lt;/p&gt;

&lt;ul&gt;
&lt;li&gt;👉 &lt;a href=&#34;#install&#34;&gt;&lt;strong&gt;Get Started&lt;/strong&gt;&lt;/a&gt;&lt;/li&gt;
&lt;li&gt;📚 &lt;a href=&#34;https://sourcethemes.com/academic/docs/&#34; target=&#34;_blank&#34;&gt;View the &lt;strong&gt;documentation&lt;/strong&gt;&lt;/a&gt;&lt;/li&gt;
&lt;li&gt;💬 &lt;a href=&#34;https://discourse.gohugo.io&#34; target=&#34;_blank&#34;&gt;&lt;strong&gt;Ask a question&lt;/strong&gt; on the forum&lt;/a&gt;&lt;/li&gt;
&lt;li&gt;👥 &lt;a href=&#34;https://spectrum.chat/academic&#34; target=&#34;_blank&#34;&gt;Chat with the &lt;strong&gt;community&lt;/strong&gt;&lt;/a&gt;&lt;/li&gt;
&lt;li&gt;🐦 Twitter: &lt;a href=&#34;https://twitter.com/source_themes&#34; target=&#34;_blank&#34;&gt;@source_themes&lt;/a&gt; &lt;a href=&#34;https://twitter.com/GeorgeCushen&#34; target=&#34;_blank&#34;&gt;@GeorgeCushen&lt;/a&gt; &lt;a href=&#34;https://twitter.com/search?q=%23MadeWithAcademic&amp;amp;src=typd&#34; target=&#34;_blank&#34;&gt;#MadeWithAcademic&lt;/a&gt;&lt;/li&gt;
&lt;li&gt;💡 &lt;a href=&#34;https://github.com/gcushen/hugo-academic/issues&#34; target=&#34;_blank&#34;&gt;Request a &lt;strong&gt;feature&lt;/strong&gt; or report a &lt;strong&gt;bug&lt;/strong&gt;&lt;/a&gt;&lt;/li&gt;
&lt;li&gt;⬆️ &lt;strong&gt;Updating?&lt;/strong&gt; View the &lt;a href=&#34;https://sourcethemes.com/academic/docs/update/&#34; target=&#34;_blank&#34;&gt;Update Guide&lt;/a&gt; and &lt;a href=&#34;https://sourcethemes.com/academic/updates/&#34; target=&#34;_blank&#34;&gt;Release Notes&lt;/a&gt;&lt;/li&gt;
&lt;li&gt;❤️ &lt;strong&gt;Support development&lt;/strong&gt; of Academic:

&lt;ul&gt;
&lt;li&gt;☕️ &lt;a href=&#34;https://paypal.me/cushen&#34; target=&#34;_blank&#34;&gt;&lt;strong&gt;Donate a coffee&lt;/strong&gt;&lt;/a&gt;&lt;/li&gt;
&lt;li&gt;💵 &lt;a href=&#34;https://www.patreon.com/cushen&#34; target=&#34;_blank&#34;&gt;Become a backer on &lt;strong&gt;Patreon&lt;/strong&gt;&lt;/a&gt;&lt;/li&gt;
&lt;li&gt;🖼️ &lt;a href=&#34;https://www.redbubble.com/people/neutreno/works/34387919-academic&#34; target=&#34;_blank&#34;&gt;Decorate your laptop or journal with an Academic &lt;strong&gt;sticker&lt;/strong&gt;&lt;/a&gt;&lt;/li&gt;
&lt;li&gt;👕 &lt;a href=&#34;https://academic.threadless.com/&#34; target=&#34;_blank&#34;&gt;Wear the &lt;strong&gt;T-shirt&lt;/strong&gt;&lt;/a&gt;&lt;/li&gt;
&lt;li&gt;👩‍💻 &lt;a href=&#34;https://sourcethemes.com/academic/docs/contribute/&#34; target=&#34;_blank&#34;&gt;&lt;strong&gt;Contribute&lt;/strong&gt;&lt;/a&gt;&lt;/li&gt;
&lt;/ul&gt;&lt;/li&gt;
&lt;/ul&gt;














&lt;figure&gt;


  &lt;a data-fancybox=&#34;&#34; href=&#34;https://raw.githubusercontent.com/gcushen/hugo-academic/master/academic.png&#34; data-caption=&#34;Academic is mobile first with a responsive design to ensure that your site looks stunning on every device.&#34;&gt;
&lt;img src=&#34;https://raw.githubusercontent.com/gcushen/hugo-academic/master/academic.png&#34; alt=&#34;&#34; &gt;&lt;/a&gt;


  
  
  &lt;figcaption&gt;
    Academic is mobile first with a responsive design to ensure that your site looks stunning on every device.
  &lt;/figcaption&gt;


&lt;/figure&gt;


&lt;p&gt;&lt;strong&gt;Key features:&lt;/strong&gt;&lt;/p&gt;

&lt;ul&gt;
&lt;li&gt;&lt;strong&gt;Page builder&lt;/strong&gt; - Create &lt;em&gt;anything&lt;/em&gt; with &lt;a href=&#34;https://sourcethemes.com/academic/docs/page-builder/&#34; target=&#34;_blank&#34;&gt;&lt;strong&gt;widgets&lt;/strong&gt;&lt;/a&gt; and &lt;a href=&#34;https://sourcethemes.com/academic/docs/writing-markdown-latex/&#34; target=&#34;_blank&#34;&gt;&lt;strong&gt;elements&lt;/strong&gt;&lt;/a&gt;&lt;/li&gt;
&lt;li&gt;&lt;strong&gt;Edit any type of content&lt;/strong&gt; - Blog posts, publications, talks, slides, projects, and more!&lt;/li&gt;
&lt;li&gt;&lt;strong&gt;Create content&lt;/strong&gt; in &lt;a href=&#34;https://sourcethemes.com/academic/docs/writing-markdown-latex/&#34; target=&#34;_blank&#34;&gt;&lt;strong&gt;Markdown&lt;/strong&gt;&lt;/a&gt;, &lt;a href=&#34;https://sourcethemes.com/academic/docs/jupyter/&#34; target=&#34;_blank&#34;&gt;&lt;strong&gt;Jupyter&lt;/strong&gt;&lt;/a&gt;, or &lt;a href=&#34;https://sourcethemes.com/academic/docs/install/#install-with-rstudio&#34; target=&#34;_blank&#34;&gt;&lt;strong&gt;RStudio&lt;/strong&gt;&lt;/a&gt;&lt;/li&gt;
&lt;li&gt;&lt;strong&gt;Plugin System&lt;/strong&gt; - Fully customizable &lt;a href=&#34;https://sourcethemes.com/academic/themes/&#34; target=&#34;_blank&#34;&gt;&lt;strong&gt;color&lt;/strong&gt; and &lt;strong&gt;font themes&lt;/strong&gt;&lt;/a&gt;&lt;/li&gt;
&lt;li&gt;&lt;strong&gt;Display Code and Math&lt;/strong&gt; - Code highlighting and &lt;a href=&#34;https://en.wikibooks.org/wiki/LaTeX/Mathematics&#34; target=&#34;_blank&#34;&gt;LaTeX math&lt;/a&gt; supported&lt;/li&gt;
&lt;li&gt;&lt;strong&gt;Integrations&lt;/strong&gt; - &lt;a href=&#34;https://analytics.google.com&#34; target=&#34;_blank&#34;&gt;Google Analytics&lt;/a&gt;, &lt;a href=&#34;https://disqus.com&#34; target=&#34;_blank&#34;&gt;Disqus commenting&lt;/a&gt;, Maps, Contact Forms, and more!&lt;/li&gt;
&lt;li&gt;&lt;strong&gt;Beautiful Site&lt;/strong&gt; - Simple and refreshing one page design&lt;/li&gt;
&lt;li&gt;&lt;strong&gt;Industry-Leading SEO&lt;/strong&gt; - Help get your website found on search engines and social media&lt;/li&gt;
&lt;li&gt;&lt;strong&gt;Media Galleries&lt;/strong&gt; - Display your images and videos with captions in a customizable gallery&lt;/li&gt;
&lt;li&gt;&lt;strong&gt;Mobile Friendly&lt;/strong&gt; - Look amazing on every screen with a mobile friendly version of your site&lt;/li&gt;
&lt;li&gt;&lt;strong&gt;Multi-language&lt;/strong&gt; - 15+ language packs including English, 中文, and Português&lt;/li&gt;
&lt;li&gt;&lt;strong&gt;Multi-user&lt;/strong&gt; - Each author gets their own profile page&lt;/li&gt;
&lt;li&gt;&lt;strong&gt;Privacy Pack&lt;/strong&gt; - Assists with GDPR&lt;/li&gt;
&lt;li&gt;&lt;strong&gt;Stand Out&lt;/strong&gt; - Bring your site to life with animation, parallax backgrounds, and scroll effects&lt;/li&gt;
&lt;li&gt;&lt;strong&gt;One-Click Deployment&lt;/strong&gt; - No servers. No databases. Only files.&lt;/li&gt;
&lt;/ul&gt;

&lt;h2 id=&#34;themes&#34;&gt;Themes&lt;/h2&gt;

&lt;p&gt;Academic comes with &lt;strong&gt;automatic day (light) and night (dark) mode&lt;/strong&gt; built-in. Alternatively, visitors can  choose their preferred mode - click the sun/moon icon in the top right of the &lt;a href=&#34;https://academic-demo.netlify.com/&#34; target=&#34;_blank&#34;&gt;Demo&lt;/a&gt; to see it in action! Day/night mode can also be disabled by the site admin in &lt;code&gt;params.toml&lt;/code&gt;.&lt;/p&gt;

&lt;p&gt;&lt;a href=&#34;https://sourcethemes.com/academic/themes/&#34; target=&#34;_blank&#34;&gt;Choose a stunning &lt;strong&gt;theme&lt;/strong&gt; and &lt;strong&gt;font&lt;/strong&gt;&lt;/a&gt; for your site. Themes are fully &lt;a href=&#34;https://sourcethemes.com/academic/docs/customization/#custom-theme&#34; target=&#34;_blank&#34;&gt;customizable&lt;/a&gt;.&lt;/p&gt;

&lt;h2 id=&#34;ecosystem&#34;&gt;Ecosystem&lt;/h2&gt;

&lt;ul&gt;
&lt;li&gt;&lt;strong&gt;&lt;a href=&#34;https://github.com/sourcethemes/academic-admin&#34; target=&#34;_blank&#34;&gt;Academic Admin&lt;/a&gt;:&lt;/strong&gt; An admin tool to import publications from BibTeX or import assets for an offline site&lt;/li&gt;
&lt;li&gt;&lt;strong&gt;&lt;a href=&#34;https://github.com/sourcethemes/academic-scripts&#34; target=&#34;_blank&#34;&gt;Academic Scripts&lt;/a&gt;:&lt;/strong&gt; Scripts to help migrate content to new versions of Academic&lt;/li&gt;
&lt;/ul&gt;

&lt;h2 id=&#34;install&#34;&gt;Install&lt;/h2&gt;

&lt;p&gt;You can choose from one of the following four methods to install:&lt;/p&gt;

&lt;ul&gt;
&lt;li&gt;&lt;a href=&#34;https://sourcethemes.com/academic/docs/install/#install-with-web-browser&#34; target=&#34;_blank&#34;&gt;&lt;strong&gt;one-click install using your web browser (recommended)&lt;/strong&gt;&lt;/a&gt;&lt;/li&gt;
&lt;li&gt;&lt;a href=&#34;https://sourcethemes.com/academic/docs/install/#install-with-git&#34; target=&#34;_blank&#34;&gt;install on your computer using &lt;strong&gt;Git&lt;/strong&gt; with the Command Prompt/Terminal app&lt;/a&gt;&lt;/li&gt;
&lt;li&gt;&lt;a href=&#34;https://sourcethemes.com/academic/docs/install/#install-with-zip&#34; target=&#34;_blank&#34;&gt;install on your computer by downloading the &lt;strong&gt;ZIP files&lt;/strong&gt;&lt;/a&gt;&lt;/li&gt;
&lt;li&gt;&lt;a href=&#34;https://sourcethemes.com/academic/docs/install/#install-with-rstudio&#34; target=&#34;_blank&#34;&gt;install on your computer with &lt;strong&gt;RStudio&lt;/strong&gt;&lt;/a&gt;&lt;/li&gt;
&lt;/ul&gt;

&lt;p&gt;Then &lt;a href=&#34;https://sourcethemes.com/academic/docs/get-started/&#34; target=&#34;_blank&#34;&gt;personalize and deploy your new site&lt;/a&gt;.&lt;/p&gt;

&lt;h2 id=&#34;updating&#34;&gt;Updating&lt;/h2&gt;

&lt;p&gt;&lt;a href=&#34;https://sourcethemes.com/academic/docs/update/&#34; target=&#34;_blank&#34;&gt;View the Update Guide&lt;/a&gt;.&lt;/p&gt;

&lt;p&gt;Feel free to &lt;em&gt;star&lt;/em&gt; the project on &lt;a href=&#34;https://github.com/gcushen/hugo-academic/&#34; target=&#34;_blank&#34;&gt;Github&lt;/a&gt; to help keep track of &lt;a href=&#34;https://sourcethemes.com/academic/updates&#34; target=&#34;_blank&#34;&gt;updates&lt;/a&gt;.&lt;/p&gt;

&lt;h2 id=&#34;license&#34;&gt;License&lt;/h2&gt;

&lt;p&gt;Copyright 2016-present &lt;a href=&#34;https://georgecushen.com&#34; target=&#34;_blank&#34;&gt;George Cushen&lt;/a&gt;.&lt;/p&gt;

&lt;p&gt;Released under the &lt;a href=&#34;https://github.com/gcushen/hugo-academic/blob/master/LICENSE.md&#34; target=&#34;_blank&#34;&gt;MIT&lt;/a&gt; license.&lt;/p&gt;
</description>
    </item>
    
    <item>
      <title>Hello R Markdown</title>
      <link>/post/2015-07-23-r-rmarkdown/</link>
      <pubDate>Thu, 23 Jul 2015 21:13:14 -0500</pubDate>
      <guid>/post/2015-07-23-r-rmarkdown/</guid>
      <description>


&lt;div id=&#34;r-markdown&#34; class=&#34;section level1&#34;&gt;
&lt;h1&gt;R Markdown&lt;/h1&gt;
&lt;p&gt;This is an R Markdown document. Markdown is a simple formatting syntax for authoring HTML, PDF, and MS Word documents. For more details on using R Markdown see &lt;a href=&#34;http://rmarkdown.rstudio.com&#34; class=&#34;uri&#34;&gt;http://rmarkdown.rstudio.com&lt;/a&gt;.&lt;/p&gt;
&lt;p&gt;You can embed an R code chunk like this:&lt;/p&gt;
&lt;pre class=&#34;r&#34;&gt;&lt;code&gt;summary(cars)
##      speed           dist       
##  Min.   : 4.0   Min.   :  2.00  
##  1st Qu.:12.0   1st Qu.: 26.00  
##  Median :15.0   Median : 36.00  
##  Mean   :15.4   Mean   : 42.98  
##  3rd Qu.:19.0   3rd Qu.: 56.00  
##  Max.   :25.0   Max.   :120.00
fit &amp;lt;- lm(dist ~ speed, data = cars)
fit
## 
## Call:
## lm(formula = dist ~ speed, data = cars)
## 
## Coefficients:
## (Intercept)        speed  
##     -17.579        3.932&lt;/code&gt;&lt;/pre&gt;
&lt;/div&gt;
&lt;div id=&#34;including-plots&#34; class=&#34;section level1&#34;&gt;
&lt;h1&gt;Including Plots&lt;/h1&gt;
&lt;p&gt;You can also embed plots. See Figure &lt;a href=&#34;#fig:pie&#34;&gt;1&lt;/a&gt; for example:&lt;/p&gt;
&lt;pre class=&#34;r&#34;&gt;&lt;code&gt;par(mar = c(0, 1, 0, 1))
pie(
  c(280, 60, 20),
  c(&amp;#39;Sky&amp;#39;, &amp;#39;Sunny side of pyramid&amp;#39;, &amp;#39;Shady side of pyramid&amp;#39;),
  col = c(&amp;#39;#0292D8&amp;#39;, &amp;#39;#F7EA39&amp;#39;, &amp;#39;#C4B632&amp;#39;),
  init.angle = -50, border = NA
)&lt;/code&gt;&lt;/pre&gt;
&lt;div class=&#34;figure&#34;&gt;&lt;span id=&#34;fig:pie&#34;&gt;&lt;/span&gt;
&lt;img src=&#34;/post/2015-07-23-r-rmarkdown_files/figure-html/pie-1.png&#34; alt=&#34;A fancy pie chart.&#34; width=&#34;672&#34; /&gt;
&lt;p class=&#34;caption&#34;&gt;
Figure 1: A fancy pie chart.
&lt;/p&gt;
&lt;/div&gt;
&lt;/div&gt;
</description>
    </item>
    
  </channel>
</rss>
