<?xml version="1.0" encoding="utf-8" standalone="yes" ?>
<rss version="2.0" xmlns:atom="http://www.w3.org/2005/Atom">
  <channel>
    <title>Publication_types | John D. Patterson</title>
    <link>https://p4tterson.github.io/publication_types/</link>
      <atom:link href="https://p4tterson.github.io/publication_types/index.xml" rel="self" type="application/rss+xml" />
    <description>Publication_types</description>
    <generator>Source Themes Academic (https://sourcethemes.com/academic/)</generator><language>en-us</language><copyright>©2019</copyright><lastBuildDate>Sun, 01 Sep 2019 00:00:00 +0000</lastBuildDate>
    <image>
      <url>https://p4tterson.github.io/img/face.jpg</url>
      <title>Publication_types</title>
      <link>https://p4tterson.github.io/publication_types/</link>
    </image>
    
    <item>
      <title>2</title>
      <link>https://p4tterson.github.io/publication_types/2/</link>
      <pubDate>Sun, 01 Sep 2019 00:00:00 +0000</pubDate>
      <guid>https://p4tterson.github.io/publication_types/2/</guid>
      <description></description>
    </item>
    
    <item>
      <title>1</title>
      <link>https://p4tterson.github.io/publication_types/1/</link>
      <pubDate>Mon, 01 Jul 2019 00:00:00 +0000</pubDate>
      <guid>https://p4tterson.github.io/publication_types/1/</guid>
      <description></description>
    </item>
    
  </channel>
</rss>
