<?xml version="1.0" encoding="utf-8" standalone="yes" ?>
<rss version="2.0" xmlns:atom="http://www.w3.org/2005/Atom">
  <channel>
    <title>Demo | John D. Patterson</title>
    <link>https://p4tterson.github.io/tags/demo/</link>
      <atom:link href="https://p4tterson.github.io/tags/demo/index.xml" rel="self" type="application/rss+xml" />
    <description>Demo</description>
    <generator>Source Themes Academic (https://sourcethemes.com/academic/)</generator><language>en-us</language><copyright>©2019</copyright><lastBuildDate>Wed, 27 Apr 2016 00:00:00 +0000</lastBuildDate>
    <image>
      <url>https://p4tterson.github.io/img/face.jpg</url>
      <title>Demo</title>
      <link>https://p4tterson.github.io/tags/demo/</link>
    </image>
    
    <item>
      <title>External Project</title>
      <link>https://p4tterson.github.io/project/external-project/</link>
      <pubDate>Wed, 27 Apr 2016 00:00:00 +0000</pubDate>
      <guid>https://p4tterson.github.io/project/external-project/</guid>
      <description></description>
    </item>
    
  </channel>
</rss>
