<?xml version="1.0" encoding="utf-8" standalone="yes" ?>
<rss version="2.0" xmlns:atom="http://www.w3.org/2005/Atom">
  <channel>
    <title>Tags | John D. Patterson</title>
    <link>/tags/</link>
      <atom:link href="/tags/index.xml" rel="self" type="application/rss+xml" />
    <description>Tags</description>
    <generator>Source Themes Academic (https://sourcethemes.com/academic/)</generator><language>en-us</language><copyright>©2019</copyright><lastBuildDate>Sun, 07 Apr 2019 00:00:00 +0000</lastBuildDate>
    <image>
      <url>/img/face.jpg</url>
      <title>Tags</title>
      <link>/tags/</link>
    </image>
    
    <item>
      <title>Source Themes</title>
      <link>/tags/source-themes/</link>
      <pubDate>Sun, 07 Apr 2019 00:00:00 +0000</pubDate>
      <guid>/tags/source-themes/</guid>
      <description></description>
    </item>
    
    <item>
      <title>Deep Learning</title>
      <link>/tags/deep-learning/</link>
      <pubDate>Wed, 27 Apr 2016 00:00:00 +0000</pubDate>
      <guid>/tags/deep-learning/</guid>
      <description></description>
    </item>
    
    <item>
      <title>Demo</title>
      <link>/tags/demo/</link>
      <pubDate>Wed, 27 Apr 2016 00:00:00 +0000</pubDate>
      <guid>/tags/demo/</guid>
      <description></description>
    </item>
    
    <item>
      <title>Academic</title>
      <link>/tags/academic/</link>
      <pubDate>Wed, 20 Apr 2016 00:00:00 +0000</pubDate>
      <guid>/tags/academic/</guid>
      <description></description>
    </item>
    
    <item>
      <title>plot</title>
      <link>/tags/plot/</link>
      <pubDate>Thu, 23 Jul 2015 21:13:14 -0500</pubDate>
      <guid>/tags/plot/</guid>
      <description></description>
    </item>
    
    <item>
      <title>R Markdown</title>
      <link>/tags/r-markdown/</link>
      <pubDate>Thu, 23 Jul 2015 21:13:14 -0500</pubDate>
      <guid>/tags/r-markdown/</guid>
      <description></description>
    </item>
    
    <item>
      <title>regression</title>
      <link>/tags/regression/</link>
      <pubDate>Thu, 23 Jul 2015 21:13:14 -0500</pubDate>
      <guid>/tags/regression/</guid>
      <description></description>
    </item>
    
  </channel>
</rss>
