<?xml version="1.0" encoding="utf-8" standalone="yes" ?>
<rss version="2.0" xmlns:atom="http://www.w3.org/2005/Atom">
  <channel>
    <title>Authors | John D. Patterson</title>
    <link>/authors/</link>
      <atom:link href="/authors/index.xml" rel="self" type="application/rss+xml" />
    <description>Authors</description>
    <generator>Source Themes Academic (https://sourcethemes.com/academic/)</generator><language>en-us</language><copyright>©2019</copyright><lastBuildDate>Sun, 07 Apr 2019 00:00:00 +0000</lastBuildDate>
    <image>
      <url>/img/face.jpg</url>
      <title>Authors</title>
      <link>/authors/</link>
    </image>
    
    <item>
      <title></title>
      <link>/authors/admin/</link>
      <pubDate>Sun, 07 Apr 2019 00:00:00 +0000</pubDate>
      <guid>/authors/admin/</guid>
      <description>&lt;p&gt;John Patterson is currently a postdoctoral scholar in the Department of Psychology at Pennsylvania State University. He earned his Ph.D. from Binghamton University in 2019. He is interested in how concepts are acquired and represented, how these representations are leveraged for other tasks (e.g., decision making, inference), and how insights in each of these areas can advise applications to education and machine learning. He uses behavioral, computational, and (soon) functional imaging methods to address these questions.&lt;/p&gt;
</description>
    </item>
    
    <item>
      <title>Robert Ford</title>
      <link>/authors/robert-ford/</link>
      <pubDate>Tue, 01 Sep 2015 00:00:00 +0000</pubDate>
      <guid>/authors/robert-ford/</guid>
      <description></description>
    </item>
    
  </channel>
</rss>
