<?xml version="1.0" encoding="utf-8" standalone="yes" ?>
<rss version="2.0" xmlns:atom="http://www.w3.org/2005/Atom">
  <channel>
    <title>Tags | John D. Patterson</title>
    <link>https://p4tterson.github.io/tags/</link>
      <atom:link href="https://p4tterson.github.io/tags/index.xml" rel="self" type="application/rss+xml" />
    <description>Tags</description>
    <generator>Source Themes Academic (https://sourcethemes.com/academic/)</generator><language>en-us</language><copyright>©2019</copyright><lastBuildDate>Sun, 01 Sep 2019 00:00:00 +0000</lastBuildDate>
    <image>
      <url>https://p4tterson.github.io/img/face.jpg</url>
      <title>Tags</title>
      <link>https://p4tterson.github.io/tags/</link>
    </image>
    
    <item>
      <title>Analogy</title>
      <link>https://p4tterson.github.io/tags/analogy/</link>
      <pubDate>Sun, 01 Sep 2019 00:00:00 +0000</pubDate>
      <guid>https://p4tterson.github.io/tags/analogy/</guid>
      <description></description>
    </item>
    
    <item>
      <title>Category learning</title>
      <link>https://p4tterson.github.io/tags/category-learning/</link>
      <pubDate>Sun, 01 Sep 2019 00:00:00 +0000</pubDate>
      <guid>https://p4tterson.github.io/tags/category-learning/</guid>
      <description></description>
    </item>
    
    <item>
      <title>Classification mode</title>
      <link>https://p4tterson.github.io/tags/classification-mode/</link>
      <pubDate>Sun, 01 Sep 2019 00:00:00 +0000</pubDate>
      <guid>https://p4tterson.github.io/tags/classification-mode/</guid>
      <description></description>
    </item>
    
    <item>
      <title>Comparison</title>
      <link>https://p4tterson.github.io/tags/comparison/</link>
      <pubDate>Sun, 01 Sep 2019 00:00:00 +0000</pubDate>
      <guid>https://p4tterson.github.io/tags/comparison/</guid>
      <description></description>
    </item>
    
    <item>
      <title>Observational mode</title>
      <link>https://p4tterson.github.io/tags/observational-mode/</link>
      <pubDate>Sun, 01 Sep 2019 00:00:00 +0000</pubDate>
      <guid>https://p4tterson.github.io/tags/observational-mode/</guid>
      <description></description>
    </item>
    
    <item>
      <title>Relational categories</title>
      <link>https://p4tterson.github.io/tags/relational-categories/</link>
      <pubDate>Sun, 01 Sep 2019 00:00:00 +0000</pubDate>
      <guid>https://p4tterson.github.io/tags/relational-categories/</guid>
      <description></description>
    </item>
    
    <item>
      <title>Transfer</title>
      <link>https://p4tterson.github.io/tags/transfer/</link>
      <pubDate>Sun, 01 Sep 2019 00:00:00 +0000</pubDate>
      <guid>https://p4tterson.github.io/tags/transfer/</guid>
      <description></description>
    </item>
    
    <item>
      <title>Category construction</title>
      <link>https://p4tterson.github.io/tags/category-construction/</link>
      <pubDate>Mon, 01 Jul 2019 00:00:00 +0000</pubDate>
      <guid>https://p4tterson.github.io/tags/category-construction/</guid>
      <description></description>
    </item>
    
    <item>
      <title>Evaluation</title>
      <link>https://p4tterson.github.io/tags/evaluation/</link>
      <pubDate>Mon, 01 Jul 2019 00:00:00 +0000</pubDate>
      <guid>https://p4tterson.github.io/tags/evaluation/</guid>
      <description></description>
    </item>
    
    <item>
      <title>Family Resemblance</title>
      <link>https://p4tterson.github.io/tags/family-resemblance/</link>
      <pubDate>Mon, 01 Jul 2019 00:00:00 +0000</pubDate>
      <guid>https://p4tterson.github.io/tags/family-resemblance/</guid>
      <description></description>
    </item>
    
    <item>
      <title>Production</title>
      <link>https://p4tterson.github.io/tags/production/</link>
      <pubDate>Mon, 01 Jul 2019 00:00:00 +0000</pubDate>
      <guid>https://p4tterson.github.io/tags/production/</guid>
      <description></description>
    </item>
    
    <item>
      <title>Structure Choice Task</title>
      <link>https://p4tterson.github.io/tags/structure-choice-task/</link>
      <pubDate>Mon, 01 Jul 2019 00:00:00 +0000</pubDate>
      <guid>https://p4tterson.github.io/tags/structure-choice-task/</guid>
      <description></description>
    </item>
    
    <item>
      <title>Unsupervised Categorization</title>
      <link>https://p4tterson.github.io/tags/unsupervised-categorization/</link>
      <pubDate>Mon, 01 Jul 2019 00:00:00 +0000</pubDate>
      <guid>https://p4tterson.github.io/tags/unsupervised-categorization/</guid>
      <description></description>
    </item>
    
    <item>
      <title>Semi-supervised Learning</title>
      <link>https://p4tterson.github.io/tags/semi-supervised-learning/</link>
      <pubDate>Sun, 01 Jul 2018 00:00:00 +0000</pubDate>
      <guid>https://p4tterson.github.io/tags/semi-supervised-learning/</guid>
      <description></description>
    </item>
    
    <item>
      <title>Similarity</title>
      <link>https://p4tterson.github.io/tags/similarity/</link>
      <pubDate>Sun, 01 Jul 2018 00:00:00 +0000</pubDate>
      <guid>https://p4tterson.github.io/tags/similarity/</guid>
      <description></description>
    </item>
    
    <item>
      <title>Active learning</title>
      <link>https://p4tterson.github.io/tags/active-learning/</link>
      <pubDate>Sat, 01 Jul 2017 00:00:00 +0000</pubDate>
      <guid>https://p4tterson.github.io/tags/active-learning/</guid>
      <description></description>
    </item>
    
    <item>
      <title>Discovery learning</title>
      <link>https://p4tterson.github.io/tags/discovery-learning/</link>
      <pubDate>Sat, 01 Jul 2017 00:00:00 +0000</pubDate>
      <guid>https://p4tterson.github.io/tags/discovery-learning/</guid>
      <description></description>
    </item>
    
    <item>
      <title>Endorsement learning</title>
      <link>https://p4tterson.github.io/tags/endorsement-learning/</link>
      <pubDate>Sat, 01 Jul 2017 00:00:00 +0000</pubDate>
      <guid>https://p4tterson.github.io/tags/endorsement-learning/</guid>
      <description></description>
    </item>
    
    <item>
      <title>Choking</title>
      <link>https://p4tterson.github.io/tags/choking/</link>
      <pubDate>Fri, 01 Jul 2016 00:00:00 +0000</pubDate>
      <guid>https://p4tterson.github.io/tags/choking/</guid>
      <description></description>
    </item>
    
    <item>
      <title>Classification learning</title>
      <link>https://p4tterson.github.io/tags/classification-learning/</link>
      <pubDate>Fri, 01 Jul 2016 00:00:00 +0000</pubDate>
      <guid>https://p4tterson.github.io/tags/classification-learning/</guid>
      <description></description>
    </item>
    
    <item>
      <title>Performance pressure</title>
      <link>https://p4tterson.github.io/tags/performance-pressure/</link>
      <pubDate>Fri, 01 Jul 2016 00:00:00 +0000</pubDate>
      <guid>https://p4tterson.github.io/tags/performance-pressure/</guid>
      <description></description>
    </item>
    
    <item>
      <title>Deep Learning</title>
      <link>https://p4tterson.github.io/tags/deep-learning/</link>
      <pubDate>Wed, 27 Apr 2016 00:00:00 +0000</pubDate>
      <guid>https://p4tterson.github.io/tags/deep-learning/</guid>
      <description></description>
    </item>
    
    <item>
      <title>Demo</title>
      <link>https://p4tterson.github.io/tags/demo/</link>
      <pubDate>Wed, 27 Apr 2016 00:00:00 +0000</pubDate>
      <guid>https://p4tterson.github.io/tags/demo/</guid>
      <description></description>
    </item>
    
    <item>
      <title>Academic</title>
      <link>https://p4tterson.github.io/tags/academic/</link>
      <pubDate>Wed, 20 Apr 2016 00:00:00 +0000</pubDate>
      <guid>https://p4tterson.github.io/tags/academic/</guid>
      <description></description>
    </item>
    
    <item>
      <title>plot</title>
      <link>https://p4tterson.github.io/tags/plot/</link>
      <pubDate>Thu, 23 Jul 2015 21:13:14 -0500</pubDate>
      <guid>https://p4tterson.github.io/tags/plot/</guid>
      <description></description>
    </item>
    
    <item>
      <title>R Markdown</title>
      <link>https://p4tterson.github.io/tags/r-markdown/</link>
      <pubDate>Thu, 23 Jul 2015 21:13:14 -0500</pubDate>
      <guid>https://p4tterson.github.io/tags/r-markdown/</guid>
      <description></description>
    </item>
    
    <item>
      <title>regression</title>
      <link>https://p4tterson.github.io/tags/regression/</link>
      <pubDate>Thu, 23 Jul 2015 21:13:14 -0500</pubDate>
      <guid>https://p4tterson.github.io/tags/regression/</guid>
      <description></description>
    </item>
    
    <item>
      <title>Applied</title>
      <link>https://p4tterson.github.io/tags/applied/</link>
      <pubDate>Wed, 01 Apr 2015 00:00:00 +0000</pubDate>
      <guid>https://p4tterson.github.io/tags/applied/</guid>
      <description></description>
    </item>
    
    <item>
      <title>Evolution</title>
      <link>https://p4tterson.github.io/tags/evolution/</link>
      <pubDate>Wed, 01 Apr 2015 00:00:00 +0000</pubDate>
      <guid>https://p4tterson.github.io/tags/evolution/</guid>
      <description></description>
    </item>
    
    <item>
      <title>Science Education</title>
      <link>https://p4tterson.github.io/tags/science-education/</link>
      <pubDate>Wed, 01 Apr 2015 00:00:00 +0000</pubDate>
      <guid>https://p4tterson.github.io/tags/science-education/</guid>
      <description></description>
    </item>
    
  </channel>
</rss>
