<?xml version="1.0" encoding="utf-8" standalone="yes" ?>
<rss version="2.0" xmlns:atom="http://www.w3.org/2005/Atom">
  <channel>
    <title>Categories | John D. Patterson</title>
    <link>https://p4tterson.github.io/categories/</link>
      <atom:link href="https://p4tterson.github.io/categories/index.xml" rel="self" type="application/rss+xml" />
    <description>Categories</description>
    <generator>Source Themes Academic (https://sourcethemes.com/academic/)</generator><language>en-us</language><copyright>©2019</copyright><lastBuildDate>Wed, 20 Apr 2016 00:00:00 +0000</lastBuildDate>
    <image>
      <url>https://p4tterson.github.io/img/face.jpg</url>
      <title>Categories</title>
      <link>https://p4tterson.github.io/categories/</link>
    </image>
    
    <item>
      <title>Demo</title>
      <link>https://p4tterson.github.io/categories/demo/</link>
      <pubDate>Wed, 20 Apr 2016 00:00:00 +0000</pubDate>
      <guid>https://p4tterson.github.io/categories/demo/</guid>
      <description></description>
    </item>
    
    <item>
      <title>R</title>
      <link>https://p4tterson.github.io/categories/r/</link>
      <pubDate>Thu, 23 Jul 2015 21:13:14 -0500</pubDate>
      <guid>https://p4tterson.github.io/categories/r/</guid>
      <description></description>
    </item>
    
  </channel>
</rss>
