<?xml version="1.0" encoding="utf-8" standalone="yes" ?>
<rss version="2.0" xmlns:atom="http://www.w3.org/2005/Atom">
  <channel>
    <title>Classification mode | John D. Patterson</title>
    <link>https://p4tterson.github.io/tags/classification-mode/</link>
      <atom:link href="https://p4tterson.github.io/tags/classification-mode/index.xml" rel="self" type="application/rss+xml" />
    <description>Classification mode</description>
    <generator>Source Themes Academic (https://sourcethemes.com/academic/)</generator><language>en-us</language><copyright>©2019</copyright><lastBuildDate>Sun, 01 Sep 2019 00:00:00 +0000</lastBuildDate>
    <image>
      <url>https://p4tterson.github.io/img/face.jpg</url>
      <title>Classification mode</title>
      <link>https://p4tterson.github.io/tags/classification-mode/</link>
    </image>
    
    <item>
      <title>Patterson &amp; Kurtz (in press) Comparison-based learning of relational categories (you&#39;ll never guess)</title>
      <link>https://p4tterson.github.io/publication/patterson-kurtz-2019-comparison-based-learning-of-relational-categories-youll-never-guess/</link>
      <pubDate>Sun, 01 Sep 2019 00:00:00 +0000</pubDate>
      <guid>https://p4tterson.github.io/publication/patterson-kurtz-2019-comparison-based-learning-of-relational-categories-youll-never-guess/</guid>
      <description></description>
    </item>
    
    <item>
      <title>Patterson &amp; Kurtz (2015) Learning mode and comparison in relational category learning</title>
      <link>https://p4tterson.github.io/publication/patterson-kurtz-2015-learning-mode-and-comparison-in-relational-category-learning/</link>
      <pubDate>Wed, 01 Jul 2015 00:00:00 +0000</pubDate>
      <guid>https://p4tterson.github.io/publication/patterson-kurtz-2015-learning-mode-and-comparison-in-relational-category-learning/</guid>
      <description>&lt;div class=&#34;alert alert-note&#34;&gt;
  &lt;div&gt;
    Click the &lt;em&gt;Cite&lt;/em&gt; button above to demo the feature to enable visitors to import publication metadata into their reference management software.
  &lt;/div&gt;
&lt;/div&gt;

&lt;!-- &lt;div class=&#34;alert alert-note&#34;&gt;
  &lt;div&gt;
    &amp;ndash;&amp;gt;
&lt;!-- Click the *Slides* button above to demo Academic&#39;s Markdown slides feature. --&gt;

&lt;p&gt;&amp;lt;!&amp;ndash;
  &lt;/div&gt;
&lt;/div&gt;
 &amp;ndash;&amp;gt;&lt;/p&gt;

&lt;!-- Supplementary notes can be added here, including [code and math](https://sourcethemes.com/academic/docs/writing-markdown-latex/). --&gt;
</description>
    </item>
    
  </channel>
</rss>
