<?xml version="1.0" encoding="utf-8" standalone="yes" ?>
<rss version="2.0" xmlns:atom="http://www.w3.org/2005/Atom">
  <channel>
    <title>Courses | John D. Patterson</title>
    <link>https://p4tterson.github.io/courses/</link>
      <atom:link href="https://p4tterson.github.io/courses/index.xml" rel="self" type="application/rss+xml" />
    <description>Courses</description>
    <generator>Source Themes Academic (https://sourcethemes.com/academic/)</generator><language>en-us</language><copyright>©2019</copyright>
    <image>
      <url>https://p4tterson.github.io/img/face.jpg</url>
      <title>Courses</title>
      <link>https://p4tterson.github.io/courses/</link>
    </image>
    
  </channel>
</rss>
